{
  "_fv": 39,
  "_type": "achievement",
  "definition": {
    "achievementName": "Get Hammed, Idiot",
    "achievementDescription": "Kill a pig with the ham bat",
    "achievementIcon": {
      "value": "CUSTOM:Hambat"
    },
    "background": "Default",
    "disableDisplay": false,
    "showPopup": true,
    "announceToChat": true,
    "hideIfNotCompleted": false,
    "rewardLoot": [],
    "rewardRecipes": [],
    "rewardFunction": "No function",
    "rewardXP": 0,
    "achievementType": "task",
    "parent": {
      "value": "CUSTOM:Snowstafffirstuse"
    },
    "triggerxml": "<xml xmlns=\"https://developers.google.com/blockly/xml\"><block type=\"custom_trigger\" x=\"26\" y=\"50\"><next><block type=\"advancement_trigger\" deletable=\"false\"></block></next></block></xml>"
  }
}