{
  "_fv": 39,
  "_type": "achievement",
  "definition": {
    "achievementName": "I Used The Stars To Get The Star",
    "achievementDescription": "Kill a Wither with a pill",
    "achievementIcon": {
      "value": "CUSTOM:Thepill"
    },
    "background": "Default",
    "disableDisplay": false,
    "showPopup": true,
    "announceToChat": true,
    "hideIfNotCompleted": false,
    "rewardLoot": [],
    "rewardRecipes": [],
    "rewardFunction": "No function",
    "rewardXP": 1000,
    "achievementType": "challenge",
    "parent": {
      "value": "CUSTOM:ThePillcraftingachievment"
    },
    "triggerxml": "<xml xmlns=\"https://developers.google.com/blockly/xml\"><block type=\"custom_trigger\" x=\"23\" y=\"46\"><next><block type=\"advancement_trigger\" deletable=\"false\"></block></next></block></xml>"
  }
}