{
  "_fv": 39,
  "_type": "tool",
  "definition": {
    "renderType": 0,
    "texture": "latest_2",
    "customModelName": "Normal",
    "name": "Power Pillow",
    "specialInfo": [],
    "creativeTab": {
      "value": "COMBAT"
    },
    "toolType": "Sword",
    "harvestLevel": 1,
    "efficiency": 4.0,
    "attackSpeed": 1.6,
    "enchantability": 14,
    "damageVsEntity": 1.0,
    "usageCount": 131,
    "blocksAffected": [],
    "hasGlow": false,
    "repairItems": [
      {
        "value": "Items.FEATHER"
      },
      {
        "value": "Blocks.WOOL#0"
      }
    ],
    "immuneToFire": false,
    "stayInGridWhenCrafting": false,
    "damageOnCrafting": false,
    "onEntityHitWith": {
      "name": "PowerPillowLivingEntityIsHitWithTool"
    }
  }
}