{
  "_fv": 39,
  "_type": "achievement",
  "definition": {
    "achievementName": "Cannon Fodder",
    "achievementDescription": "Use the Snow Staff",
    "achievementIcon": {
      "value": "CUSTOM:Snowstaff"
    },
    "background": "hay_block_side.png",
    "disableDisplay": false,
    "showPopup": true,
    "announceToChat": true,
    "hideIfNotCompleted": false,
    "rewardLoot": [],
    "rewardRecipes": [],
    "rewardFunction": "No function",
    "rewardXP": 0,
    "achievementType": "task",
    "parent": {
      "value": "No parent: root"
    },
    "triggerxml": "<xml xmlns=\"https://developers.google.com/blockly/xml\"><block type=\"custom_trigger\" x=\"36\" y=\"58\"><next><block type=\"advancement_trigger\" deletable=\"false\"></block></next></block></xml>"
  }
}