{
  "_fv": 39,
  "_type": "tool",
  "definition": {
    "renderType": 0,
    "texture": "title_defense_glass_joe_noise",
    "customModelName": "Normal",
    "name": "Snow Staff",
    "specialInfo": [],
    "creativeTab": {
      "value": "COMBAT"
    },
    "toolType": "Sword",
    "harvestLevel": 0,
    "efficiency": 0.0,
    "attackSpeed": 1.6,
    "enchantability": 0,
    "damageVsEntity": 0.0,
    "usageCount": 1080,
    "blocksAffected": [],
    "hasGlow": false,
    "repairItems": [
      {
        "value": "Items.SNOWBALL"
      }
    ],
    "immuneToFire": false,
    "stayInGridWhenCrafting": false,
    "damageOnCrafting": false,
    "onRightClickedInAir": {
      "name": "SnowstaffRangedItemUsed"
    }
  }
}