{
  "_fv": 39,
  "_type": "achievement",
  "definition": {
    "achievementName": "With Great Power Comes Great Responsibility",
    "achievementDescription": "Craft the pill",
    "achievementIcon": {
      "value": "CUSTOM:Thepill"
    },
    "background": "Default",
    "disableDisplay": false,
    "showPopup": true,
    "announceToChat": true,
    "hideIfNotCompleted": false,
    "rewardLoot": [],
    "rewardRecipes": [],
    "rewardFunction": "No function",
    "rewardXP": 100,
    "achievementType": "challenge",
    "parent": {
      "value": "CUSTOM:Snowstafffirstuse"
    },
    "triggerxml": "<xml xmlns=\"https://developers.google.com/blockly/xml\"><block type=\"custom_trigger\" x=\"67\" y=\"131\"><next><block type=\"advancement_trigger\" deletable=\"false\"></block></next></block></xml>"
  }
}