{
  "_fv": 39,
  "_type": "recipe",
  "definition": {
    "recipeType": "Crafting",
    "xpReward": 0.0,
    "cookingTime": 200,
    "recipeRetstackSize": 1,
    "group": "",
    "recipeShapeless": false,
    "recipeSlots": [
      {
        "value": ""
      },
      {
        "value": "Items.NETHER_STAR"
      },
      {
        "value": ""
      },
      {
        "value": "Items.NETHER_STAR"
      },
      {
        "value": "Blocks.RED_MUSHROOM"
      },
      {
        "value": "Items.NETHER_STAR"
      },
      {
        "value": ""
      },
      {
        "value": "Items.NETHER_STAR"
      },
      {
        "value": ""
      }
    ],
    "recipeReturnStack": {
      "value": "CUSTOM:Thepill"
    },
    "name": "the_pill_recipe",
    "namespace": "mod"
  }
}