{
  "display": {
    "icon": {
      "item": "snow_staff:thepill"
    },
    "title": {
      "translate": "advancements.killwitherpill.title"
    },
    "description": {
      "translate": "advancements.killwitherpill.descr"
    },
    "frame": "challenge",
    "show_toast": true,
    "announce_to_chat": true,
    "hidden": false
  },
  "criteria": {
    "killwitherpill": {
      "trigger": "minecraft:impossible"
    }
  },
  "rewards": {
    "experience": 1000
  },
  "parent": "snow_staff:the_pillcraftingachievment"
}