{
  "display": {
    "background": "snow_staff:textures/screens/hay_block_side.png",
    "icon": {
      "item": "snow_staff:snowstaff"
    },
    "title": {
      "translate": "advancements.snowstafffirstuse.title"
    },
    "description": {
      "translate": "advancements.snowstafffirstuse.descr"
    },
    "frame": "task",
    "show_toast": true,
    "announce_to_chat": true,
    "hidden": false
  },
  "criteria": {
    "snowstafffirstuse": {
      "trigger": "minecraft:impossible"
    }
  }
}